{"mean_fit_time": [0.015727996826171875, 0.014076137542724609, 0.010617542266845702, 0.01055912971496582], "std_fit_time": [0.003988651113829513, 0.001498337242873836, 0.0024553333815623456, 0.0018192881359925285], "mean_score_time": [0.00549020767211914, 0.0034775733947753906, 0.0036921977996826174, 0.0031302452087402345], "std_score_time": [0.0016556255313602017, 0.000665791811592742, 0.0010316674732976923, 0.0004814857485031807], "param_fit_intercept": [true, true, false, false], "param_positive": [true, false, true, false], "params": [{"fit_intercept": true, "positive": true}, {"fit_intercept": true, "positive": false}, {"fit_intercept": false, "positive": true}, {"fit_intercept": false, "positive": false}], "split0_test_score": [0.20491047557909092, 0.3514910459781495, 0.20487077657324848, 0.34758926112927124], "split1_test_score": [0.17290310971427758, 0.2911193983609278, 0.17290296162558894, 0.28945774273059766], "split2_test_score": [0.2000368143704756, 0.3297779668248051, 0.20001730373844573, 0.32648167102130643], "split3_test_score": [0.18145286274454975, 0.3177142244067678, 0.18136315214406773, 0.3141685984213082], "split4_test_score": [0.18119140664586997, 0.2938895483310321, 0.18118597317555152, 0.29225737826630516], "mean_test_score": [0.18809893381085277, 0.3167984367803364, 0.18806803345138048, 0.31399093031375774], "std_test_score": [0.012230602528153856, 0.022614659777375857, 0.012226322646483155, 0.021721521956613397], "rank_test_score": [3, 1, 4, 2]}