{"mean_fit_time": [0.0074290275573730465, 0.011461544036865234, 0.010417842864990234, 0.007489395141601562], "std_fit_time": [0.0002701274967772306, 0.0007327255225572771, 0.0011963710179799178, 0.0008338730537936754], "mean_score_time": [0.0021624088287353514, 0.0030518531799316405, 0.0029977798461914063, 0.00209956169128418], "std_score_time": [0.00022475775977294583, 0.0005865623210162767, 0.0005307925115313311, 0.0002388504598960285], "param_fit_intercept": [true, true, false, false], "param_positive": [true, false, true, false], "params": [{"fit_intercept": true, "positive": true}, {"fit_intercept": true, "positive": false}, {"fit_intercept": false, "positive": true}, {"fit_intercept": false, "positive": false}], "split0_test_score": [0.20491047557909092, 0.3514910459781495, 0.20487077657324848, 0.34758926112927124], "split1_test_score": [0.17290310971427758, 0.2911193983609278, 0.17290296162558894, 0.28945774273059766], "split2_test_score": [0.2000368143704756, 0.3297779668248051, 0.20001730373844573, 0.32648167102130643], "split3_test_score": [0.18145286274454975, 0.3177142244067678, 0.18136315214406773, 0.3141685984213082], "split4_test_score": [0.18119140664586997, 0.2938895483310321, 0.18118597317555152, 0.29225737826630516], "mean_test_score": [0.18809893381085277, 0.3167984367803364, 0.18806803345138048, 0.31399093031375774], "std_test_score": [0.012230602528153856, 0.022614659777375857, 0.012226322646483155, 0.021721521956613397], "rank_test_score": [3, 1, 4, 2]}