{
    "mse": 102.84223986386203,
    "rmse": 10.14111630264943,
    "mae": 5.488995530359425,
    "r2": 0.5848832342176244
}