mse,rmse,mae,r2
104.52720331540363,10.223854621198583,5.4505841435890865,0.5780819764913112
