{
    "mse": 110.06891137561291,
    "rmse": 10.491373188272968,
    "mae": 5.68022782733952,
    "r2": 0.5557131917399344
}