{
    "mse": 102.99255400259726,
    "rmse": 10.148524720499884,
    "mae": 5.716169955023583,
    "r2": 0.5842764998718368
}