{
    "mse": 170.47700726601283,
    "rmse": 13.056684390227591,
    "mae": 8.817845103096763,
    "r2": 0.3118793990659372
}