{"mean_fit_time": [0.15252361297607422, 0.0903289794921875, 0.08169054985046387, 0.0615333080291748], "std_fit_time": [0.025989484822200738, 0.021974528734156153, 0.04636938528454621, 0.006917683650610512], "mean_score_time": [0.057806205749511716, 0.04716510772705078, 0.043635988235473634, 0.01900491714477539], "std_score_time": [0.016378030469553023, 0.020918624785456343, 0.018807988764353828, 0.003012450101045412], "param_fit_intercept": [true, true, false, false], "param_positive": [true, false, true, false], "params": [{"fit_intercept": true, "positive": true}, {"fit_intercept": true, "positive": false}, {"fit_intercept": false, "positive": true}, {"fit_intercept": false, "positive": false}], "split0_test_score": [0.20491047557909092, 0.3514910459781495, 0.20487077657324848, 0.34758926112927124], "split1_test_score": [0.17290310971427758, 0.2911193983609278, 0.17290296162558894, 0.28945774273059766], "split2_test_score": [0.2000368143704756, 0.3297779668248051, 0.20001730373844573, 0.32648167102130643], "split3_test_score": [0.18145286274454975, 0.3177142244067678, 0.18136315214406773, 0.3141685984213082], "split4_test_score": [0.18119140664586997, 0.2938895483310321, 0.18118597317555152, 0.29225737826630516], "mean_test_score": [0.18809893381085277, 0.3167984367803364, 0.18806803345138048, 0.31399093031375774], "std_test_score": [0.012230602528153856, 0.022614659777375857, 0.012226322646483155, 0.021721521956613397], "rank_test_score": [3, 1, 4, 2]}